{
  "mean": [
    35.37763205326661,
    21.473430310227105,
    0.002666511164358871,
    63.73709154138128,
    0.09702848960212641,
    0.6863567929761687,
    0.20235098515335617,
    2.7641595453677983,
    1.165684174812867,
    0.003790368752518077,
    0.02583282088254628,
    0.00010626044783289616,
    27.19773001972052,
    0.7772533684616983,
    1.8964036557178905,
    0.02847397117847095,
    0.06501410123200238,
    0.02963379206514133,
    0.03679043236709854,
    6.283498377828198,
    0.19427266036007376,
    0.7805190949765687,
    1140.6745637100023,
    12855.458804257936,
    0.8611664793570687,
    50.09008115353442,
    52.06263279247623,
    0.36192985432261077,
    0.2667677431667338,
    0.6248595178014801,
    0.13369134205559915,
    0.03975381157361267,
    0.4401015712801374,
    0.22479802370703364,
    1.582280158612354,
    0.04410610912021035,
    0.4563497953730995,
    0.4149154986322865,
    0.3775366313959159,
    0.10231345024279564,
    0.12695879895672088,
    0.23749443372420959,
    0.02341546682499629,
    0.4872876863377086,
    25.91728514175449,
    6.379180008057847,
    10.523171610933225,
    64.75628193982061,
    2.393313047350453,
    48.94418880807481
  ],
  "std": [
    40.8763862648645,
    9.165305197295487,
    0.05156937931142771,
    14.946740856298877,
    0.03564614367225449,
    0.2873021133004946,
    0.012335250144222,
    0.5985623988397192,
    0.601750147573693,
    0.06144918109490388,
    0.894836994305588,
    0.0023223311787403255,
    27.370974840590595,
    0.07443422215028991,
    12.590016751794753,
    0.07035888574101293,
    1.0118591818599574,
    0.19442094354456152,
    0.4769472847569372,
    5.189525480823631,
    0.04118905068558403,
    0.4138949593241648,
    3520.0540833579485,
    153530.41771756104,
    0.34577272042257495,
    49.67385708243228,
    49.600236984457766,
    0.48055866954227217,
    0.44226995644369366,
    0.4841591688832915,
    0.3403203889204368,
    0.19538026010531984,
    0.49639921256569014,
    4.02724981425784,
    5.8711712716121225,
    0.20533085559323913,
    0.4980910154139192,
    0.49270744628691115,
    0.4847707946543593,
    0.303060073487634,
    0.3329268122642296,
    0.42554767967172186,
    0.15121898934439726,
    0.499838370957327,
    76.23460819022701,
    83.49769944380657,
    23.507656720664585,
    154.89910921091274,
    18.49383565502832,
    140.59451504810778
  ],
  "feature_names": [
    "URLLength",
    "DomainLength",
    "IsDomainIP",
    "URLSimilarityIndex",
    "CharContinuationRate",
    "TLDLegitimateProb",
    "URLCharProb",
    "TLDLength",
    "NoOfSubDomain",
    "HasObfuscation",
    "NoOfObfuscatedChar",
    "ObfuscationRatio",
    "NoOfLettersInURL",
    "LetterRatioInURL",
    "NoOfDegitsInURL",
    "DegitRatioInURL",
    "NoOfEqualsInURL",
    "NoOfQMarkInURL",
    "NoOfAmpersandInURL",
    "NoOfOtherSpecialCharsInURL",
    "SpacialCharRatioInURL",
    "IsHTTPS",
    "LineOfCode",
    "LargestLineLength",
    "HasTitle",
    "DomainTitleMatchScore",
    "URLTitleMatchScore",
    "HasFavicon",
    "Robots",
    "IsResponsive",
    "NoOfURLRedirect",
    "NoOfSelfRedirect",
    "HasDescription",
    "NoOfPopup",
    "NoOfiFrame",
    "HasExternalFormSubmit",
    "HasSocialNet",
    "HasSubmitButton",
    "HasHiddenFields",
    "HasPasswordField",
    "Bank",
    "Pay",
    "Crypto",
    "HasCopyrightInfo",
    "NoOfImage",
    "NoOfCSS",
    "NoOfJS",
    "NoOfSelfRef",
    "NoOfEmptyRef",
    "NoOfExternalRef"
  ]
}